{"cameraMode":{"drawMode":0,"name":"Shaded","section":"Shading Mode"},"sceneLighting":true,"audioPlay":false,"sceneViewState":{"m_AlwaysRefresh":false,"showFog":true,"showSkybox":true,"showFlares":true,"showImageEffects":true,"showParticleSystems":true,"showVisualEffectGraphs":true,"m_FxEnabled":true},"in2DMode":false,"pivot":{"x":2.704608678817749,"y":0.4690673351287842,"z":-2.471179723739624},"rotation":{"x":-0.04096296429634094,"y":0.9534369111061096,"z":-0.15172293782234193,"w":-0.25741416215896609},"size":2.9224765300750734,"orthographic":false}